{"gga": {"Ag1O1": {"E": -3.9636060425, "key": "Ag1O1--mp-2803876--fm--gga-static", "n_started": 1, "n_converged": 1, "complete": true, "Ef": -0.13578101666666642}, "Ag2O1": {"E": -3.5768323066666667, "key": "Ag2O1--mp-353--fm--gga-static", "n_started": 1, "n_converged": 1, "complete": true, "Ef": -0.12049289722222174}, "Cd1O1": {"E": -3.864597055, "key": "Cd1O1--mp-1132--nm--gga-static", "n_started": 1, "n_converged": 1, "complete": true, "Ef": -1.0251316149999998}, "Co1O1": {"E": -6.684590625, "key": "Co1O1--mp-22408--fm--gga-static", "n_started": 1, "n_converged": 1, "complete": true, "Ef": -0.6938193874999996}, "Co3O4": {"E": -6.887355787142857, "key": "Co3O4--mp-1271793--fm--gga-static", "n_started": 1, "n_converged": 1, "complete": true, "Ef": -1.046368744285714}, "Cr1O1": {"E": -8.62031572125, "key": "Cr1O1--mp-755073--fm--gga-static", "n_started": 1, "n_converged": 1, "complete": true, "Ef": -1.3846281587499991}, "Cr1O3": {"E": -7.72671121625, "key": "Cr1O3--mp-510421--fm--gga-static", "n_started": 1, "n_converged": 1, "complete": true, "Ef": -1.6377264975}, "Cr2O3": {"E": -8.732018212, "key": "Cr2O3--mp-19399--fm--gga-static", "n_started": 1, "n_converged": 1, "complete": true, "Ef": -1.9550117869999994}, "Cu1O1": {"E": -4.9479683625, "key": "Cu1O1--mp-1692--fm--gga-static", "n_started": 1, "n_converged": 1, "complete": true, "Ef": -0.6020382450000001}, "Cu2O1": {"E": -4.562607463333333, "key": "Cu2O1--mp-361--fm--gga-static", "n_started": 1, "n_converged": 1, "complete": true, "Ef": -0.4154612649999999}, "Fe1O1": {"E": -7.48062859625, "key": "Fe1O1--mp-1274279--fm--gga-static", "n_started": 1, "n_converged": 1, "complete": true, "Ef": -0.8751181087499997}, "Fe2O3": {"E": -7.489634807, "key": "Fe2O3--mp-19770--fm--gga-static", "n_started": 1, "n_converged": 1, "complete": true, "Ef": -1.2167700420000003}, "Fe3O4": {"E": null, "key": null, "n_started": 1, "n_converged": 0, "complete": false, "Ef": null}, "Hf1O2": {"E": -10.1725289025, "key": "Hf1O2--mp-352--nm--gga-static", "n_started": 1, "n_converged": 1, "complete": true, "Ef": -3.5699401225000003}, "Ir1O2": {"E": -7.043543786666667, "key": "Ir1O2--mp-2723--fm--gga-static", "n_started": 1, "n_converged": 1, "complete": true, "Ef": -0.8012804899999999}, "Mn1O1": {"E": -8.20253206125, "key": "Mn1O1--mp-1232659--fm--gga-static", "n_started": 1, "n_converged": 1, "complete": true, "Ef": -1.2341483858189655}, "Mn1O2": {"E": -7.963194571111111, "key": "Mn1O2--mp-644514--fm--gga-static", "n_started": 1, "n_converged": 1, "complete": true, "Ef": -1.6701781624904215}, "Mn3O4": {"E": -8.264735325, "key": "Mn3O4--mp-18759--fm--gga-static", "n_started": 1, "n_converged": 1, "complete": true, "Ef": -1.5857947639162566}, "Mo1O2": {"E": -8.715016235, "key": "Mo1O2--mp-510536--fm--gga-static", "n_started": 1, "n_converged": 1, "complete": true, "Ef": -1.778573071666667}, "Mo1O3": {"E": -8.438317199375, "key": "Mo1O3--mp-715584--fm--gga-static", "n_started": 1, "n_converged": 1, "complete": true, "Ef": -2.000414358124999}, "Nb1O1": {"E": -9.466683536666666, "key": "Nb1O1--mp-2311--fm--gga-static", "n_started": 1, "n_converged": 1, "complete": true, "Ef": -1.9461326891666673}, "Nb1O2": {"E": -9.10607495125, "key": "Nb1O2--mp-557057--fm--gga-static", "n_started": 1, "n_converged": 1, "complete": true, "Ef": -2.4449470945833314}, "Ni1O1": {"E": -5.745734305, "key": "Ni1O1--mp-19009--fm--gga-static", "n_started": 1, "n_converged": 1, "complete": true, "Ef": -0.5287840125000001}, "O1Pd1": {"E": -5.5629538775, "key": "O1Pd1--mp-1336--fm--gga-static", "n_started": 1, "n_converged": 1, "complete": true, "Ef": -0.48759407874999994}, "O1Ti1": {"E": -8.940633629999999, "key": "O1Ti1--mp-1071163--fm--gga-static", "n_started": 1, "n_converged": 1, "complete": true, "Ef": -2.565199619166666}, "O1V1": {"E": -8.3989763425, "key": "O1V1--mp-19184--fm--gga-static", "n_started": 1, "n_converged": 1, "complete": true, "Ef": -1.4460952349999996}, "O1Zn1": {"E": -4.4655539225, "key": "O1Zn1--mp-2133--nm--gga-static", "n_started": 1, "n_converged": 1, "complete": true, "Ef": -1.4368386025}, "O2Os1": {"E": -7.927489836666666, "key": "O2Os1--mp-996--fm--gga-static", "n_started": 1, "n_converged": 1, "complete": true, "Ef": -0.8881293666666654}, "O2Re1": {"E": -8.8665095525, "key": "O2Re1--mp-7228--fm--gga-static", "n_started": 1, "n_converged": 1, "complete": true, "Ef": -1.4397067891666673}, "O2Ru1": {"E": -7.431978165, "key": "O2Ru1--mp-825--fm--gga-static", "n_started": 1, "n_converged": 1, "complete": true, "Ef": -1.060180685}, "O2Tc1": {"E": -8.251986966666667, "key": "O2Tc1--mp-33137--fm--gga-static", "n_started": 1, "n_converged": 1, "complete": true, "Ef": -1.5079332250000008}, "O2Ti1": {"E": -8.94055277, "key": "O2Ti1--mp-390--fm--gga-static", "n_started": 1, "n_converged": 1, "complete": true, "Ef": -3.042836137777777}, "O2V1": {"E": -8.648606984166667, "key": "O2V1--mp-541404--fm--gga-static", "n_started": 1, "n_converged": 1, "complete": true, "Ef": -2.3659256208333326}, "O2W1": {"E": -9.556529716666667, "key": "O2W1--mp-1524394--fm--gga-static", "n_started": 1, "n_converged": 1, "complete": true, "Ef": -1.9165346533333338}, "O2Zr1": {"E": -9.593197925, "key": "O2Zr1--mp-2858--nm--gga-static", "n_started": 1, "n_converged": 1, "complete": true, "Ef": -3.4579534183333345}, "O3Re1": {"E": -8.433621835, "key": "O3Re1--mp-190--fm--gga-static", "n_started": 1, "n_converged": 1, "complete": true, "Ef": -1.6279492937499995}, "O3Rh2": {"E": -6.5768014775, "key": "O3Rh2--mp-1716--fm--gga-static", "n_started": 1, "n_converged": 1, "complete": true, "Ef": -0.7075585324999992}, "O3Sc2": {"E": -9.02548616725, "key": "O3Sc2--mp-216--nm--gga-static", "n_started": 1, "n_converged": 1, "complete": true, "Ef": -3.5607969202500005}, "O3V2": {"E": -8.77624588075, "key": "O3V2--mp-21579--fm--gga-static", "n_started": 1, "n_converged": 1, "complete": true, "Ef": -2.22548461975}, "O3W1": {"E": -9.0861076275, "key": "O3W1--mp-2383161--fm--gga-static", "n_started": 1, "n_converged": 1, "complete": true, "Ef": -2.1205408612500003}, "O3Y2": {"E": -9.15401638925, "key": "O3Y2--mp-2652--nm--gga-static", "n_started": 1, "n_converged": 1, "complete": true, "Ef": -3.6140794542500005}, "O4Os1": {"E": -7.180389846, "key": "O4Os1--mp-1524458--fm--gga-static", "n_started": 1, "n_converged": 1, "complete": true, "Ef": -0.9798608139999999}, "O4Ru1": {"E": -6.53525318225, "key": "O4Ru1--mp-554791--fm--gga-static", "n_started": 1, "n_converged": 1, "complete": true, "Ef": -0.73526194425}, "O5Ta2": {"E": -9.752418263571428, "key": "O5Ta2--mp-10390--fm--gga-static", "n_started": 1, "n_converged": 1, "complete": true, "Ef": -2.8466082783809514}, "O5V2": {"E": -8.351299297857143, "key": "O5V2--mp-25279--fm--gga-static", "n_started": 1, "n_converged": 1, "complete": true, "Ef": -2.2601035757142864}, "O7Re2": {"E": null, "key": null, "n_started": 1, "n_converged": 0, "complete": false, "Ef": null}, "O7Tc2": {"E": -7.5596584388888886, "key": "O7Tc2--mp-27485--fm--gga-static", "n_started": 1, "n_converged": 1, "complete": true, "Ef": -1.4161953194444439}}}