{"gga": {"Ag1O1": {"E": -3.96277884, "key": "Ag1O1--mp-2803876--fm--gga-static", "n_started": 1, "n_converged": 1, "complete": true, "Ef": -0.1349538141666664}, "Ag2O1": {"E": -3.571153263333333, "key": "Ag2O1--mp-353--fm--gga-static", "n_started": 1, "n_converged": 1, "complete": true, "Ef": -0.11481385388888832}, "Cd1O1": {"E": -3.85599164, "key": "Cd1O1--mp-1132--nm--gga-static", "n_started": 1, "n_converged": 1, "complete": true, "Ef": -1.0165262}, "Co1O1": {"E": -6.495989345, "key": "Co1O1--mp-22408--fm--gga-static", "n_started": 1, "n_converged": 1, "complete": true, "Ef": -0.5052181074999993}, "Co3O4": {"E": null, "key": null, "n_started": 1, "n_converged": 0, "complete": false, "Ef": null}, "Cr1O1": {"E": -8.75840122, "key": "Cr1O1--mp-755073--fm--gga-static", "n_started": 1, "n_converged": 1, "complete": true, "Ef": -1.5227136574999989}, "Cr1O3": {"E": -7.71053720875, "key": "Cr1O3--mp-510421--fm--gga-static", "n_started": 1, "n_converged": 1, "complete": true, "Ef": -1.62155249}, "Cr2O3": {"E": -8.728854686, "key": "Cr2O3--mp-19399--fm--gga-static", "n_started": 1, "n_converged": 1, "complete": true, "Ef": -1.9518482609999994}, "Cu1O1": {"E": -4.93838145, "key": "Cu1O1--mp-1692--fm--gga-static", "n_started": 1, "n_converged": 1, "complete": true, "Ef": -0.5924513324999996}, "Cu2O1": {"E": -4.555213378333334, "key": "Cu2O1--mp-361--fm--gga-static", "n_started": 1, "n_converged": 1, "complete": true, "Ef": -0.40806717999999975}, "Fe1O1": {"E": -7.4537872075, "key": "Fe1O1--mp-1274279--fm--gga-static", "n_started": 1, "n_converged": 1, "complete": true, "Ef": -0.8482767199999994}, "Fe2O3": {"E": -7.237643760999999, "key": "Fe2O3--mp-19770--fm--gga-static", "n_started": 1, "n_converged": 1, "complete": true, "Ef": -0.9647789959999997}, "Fe3O4": {"E": null, "key": null, "n_started": 1, "n_converged": 0, "complete": false, "Ef": null}, "Hf1O2": {"E": -10.166952100833333, "key": "Hf1O2--mp-352--nm--gga-static", "n_started": 1, "n_converged": 1, "complete": true, "Ef": -3.564363320833332}, "Ir1O2": {"E": -7.0396884166666664, "key": "Ir1O2--mp-2723--fm--gga-static", "n_started": 1, "n_converged": 1, "complete": true, "Ef": -0.7974251199999998}, "Mn1O1": {"E": -8.27224920125, "key": "Mn1O1--mp-1232659--fm--gga-static", "n_started": 1, "n_converged": 1, "complete": true, "Ef": -1.3038655258189653}, "Mn1O2": {"E": -7.9533663883333325, "key": "Mn1O2--mp-644514--fm--gga-static", "n_started": 1, "n_converged": 1, "complete": true, "Ef": -1.6603499797126429}, "Mn3O4": {"E": -8.251552030714285, "key": "Mn3O4--mp-18759--fm--gga-static", "n_started": 1, "n_converged": 1, "complete": true, "Ef": -1.5726114696305413}, "Mo1O2": {"E": -8.713267894166666, "key": "Mo1O2--mp-510536--fm--gga-static", "n_started": 1, "n_converged": 1, "complete": true, "Ef": -1.776824730833333}, "Mo1O3": {"E": -8.427918779375, "key": "Mo1O3--mp-715584--fm--gga-static", "n_started": 1, "n_converged": 1, "complete": true, "Ef": -1.9900159381249996}, "Nb1O1": {"E": -9.465876361666666, "key": "Nb1O1--mp-2311--fm--gga-static", "n_started": 1, "n_converged": 1, "complete": true, "Ef": -1.945325514166667}, "Nb1O2": {"E": -9.103171562916666, "key": "Nb1O2--mp-557057--fm--gga-static", "n_started": 1, "n_converged": 1, "complete": true, "Ef": -2.4420437062499993}, "Ni1O1": {"E": -5.686357415, "key": "Ni1O1--mp-19009--fm--gga-static", "n_started": 1, "n_converged": 1, "complete": true, "Ef": -0.46940712249999983}, "O1Pd1": {"E": -5.5571055, "key": "O1Pd1--mp-1336--fm--gga-static", "n_started": 1, "n_converged": 1, "complete": true, "Ef": -0.4817457012499995}, "O1Ti1": {"E": -8.938184543333334, "key": "O1Ti1--mp-1071163--fm--gga-static", "n_started": 1, "n_converged": 1, "complete": true, "Ef": -2.562750532500001}, "O1V1": {"E": -8.515078965, "key": "O1V1--mp-19184--fm--gga-static", "n_started": 1, "n_converged": 1, "complete": true, "Ef": -1.562197857500001}, "O1Zn1": {"E": -4.4538798, "key": "O1Zn1--mp-2133--nm--gga-static", "n_started": 1, "n_converged": 1, "complete": true, "Ef": -1.4251644800000003}, "O2Os1": {"E": -7.922242108333333, "key": "O2Os1--mp-996--fm--gga-static", "n_started": 1, "n_converged": 1, "complete": true, "Ef": -0.8828816383333328}, "O2Re1": {"E": -8.861233113333332, "key": "O2Re1--mp-7228--fm--gga-static", "n_started": 1, "n_converged": 1, "complete": true, "Ef": -1.4344303499999982}, "O2Ru1": {"E": -7.427575468333333, "key": "O2Ru1--mp-825--fm--gga-static", "n_started": 1, "n_converged": 1, "complete": true, "Ef": -1.0557779883333325}, "O2Tc1": {"E": -8.250730026666666, "key": "O2Tc1--mp-33137--fm--gga-static", "n_started": 1, "n_converged": 1, "complete": true, "Ef": -1.5066762849999997}, "O2Ti1": {"E": -8.936487435, "key": "O2Ti1--mp-390--fm--gga-static", "n_started": 1, "n_converged": 1, "complete": true, "Ef": -3.038770802777777}, "O2V1": {"E": -8.643563683333333, "key": "O2V1--mp-541404--fm--gga-static", "n_started": 1, "n_converged": 1, "complete": true, "Ef": -2.360882319999999}, "O2W1": {"E": -9.553846305833334, "key": "O2W1--mp-1524394--fm--gga-static", "n_started": 1, "n_converged": 1, "complete": true, "Ef": -1.9138512425000016}, "O2Zr1": {"E": -9.590591064166667, "key": "O2Zr1--mp-2858--nm--gga-static", "n_started": 1, "n_converged": 1, "complete": true, "Ef": -3.4553465575000004}, "O3Re1": {"E": -8.428979959375, "key": "O3Re1--mp-190--fm--gga-static", "n_started": 1, "n_converged": 1, "complete": true, "Ef": -1.623307418125}, "O3Rh2": {"E": -6.5721077260000005, "key": "O3Rh2--mp-1716--fm--gga-static", "n_started": 1, "n_converged": 1, "complete": true, "Ef": -0.7028647809999996}, "O3Sc2": {"E": -9.02370205875, "key": "O3Sc2--mp-216--nm--gga-static", "n_started": 1, "n_converged": 1, "complete": true, "Ef": -3.5590128117500015}, "O3V2": {"E": null, "key": null, "n_started": 1, "n_converged": 0, "complete": false, "Ef": null}, "O3W1": {"E": -9.0652244121875, "key": "O3W1--mp-2383161--fm--gga-static", "n_started": 1, "n_converged": 1, "complete": true, "Ef": -2.0996576459375005}, "O3Y2": {"E": -9.152603340999999, "key": "O3Y2--mp-2652--nm--gga-static", "n_started": 1, "n_converged": 1, "complete": true, "Ef": -3.6126664059999998}, "O4Os1": {"E": -7.159677628, "key": "O4Os1--mp-1524458--fm--gga-static", "n_started": 1, "n_converged": 1, "complete": true, "Ef": -0.959148596}, "O4Ru1": {"E": -6.512867239499999, "key": "O4Ru1--mp-554791--fm--gga-static", "n_started": 1, "n_converged": 1, "complete": true, "Ef": -0.7128760014999997}, "O5Ta2": {"E": -9.746068933571427, "key": "O5Ta2--mp-10390--fm--gga-static", "n_started": 1, "n_converged": 1, "complete": true, "Ef": -2.840258948380951}, "O5V2": {"E": -8.337884862142857, "key": "O5V2--mp-25279--fm--gga-static", "n_started": 1, "n_converged": 1, "complete": true, "Ef": -2.246689140000001}, "O7Re2": {"E": -8.061097736666667, "key": "O7Re2--mp-1042110--fm--gga-static", "n_started": 1, "n_converged": 1, "complete": true, "Ef": -1.4624686027777787}, "O7Tc2": {"E": -7.539508880833334, "key": "O7Tc2--mp-27485--fm--gga-static", "n_started": 1, "n_converged": 1, "complete": true, "Ef": -1.396045761388889}}}